id_concept,id_dico,lib_cpt,type,id_concept,id_syn,id_syn,id_dico,num,ordre,lib_term
56198,34,absolument,s,56198,2007,2007,34,92,-1,absolument
61179,34,assez 1,s,61179,2039,2039,34,93,-1,suffisamment
135540,34,aussi 1,s,135540,4205,4205,34,94,-1,également
61180,34,aussitôt 1,s,61180,2040,2040,34,95,-1,immédiatement
61181,34,autrefois 1,s,61181,2041,2041,34,96,-1,jadis
61182,34,avidement 1,s,61182,2042,2042,34,97,-1,avec avidité
61182,34,avidement 1,s,61182,2043,2043,34,98,-1,avec passion
61182,34,avidement 1,s,61182,2044,2044,34,99,-1,avidement
61182,34,avidement 1,s,61182,2045,2045,34,100,-1,intensément
56199,34,beaucoup,s,56199,2008,2008,34,101,-1,beaucoup
61183,34,beaucoup 1,s,61183,2046,2046,34,102,-1,au plus haut point
61183,34,beaucoup 1,s,61183,2047,2047,34,103,-1,considérablement
61183,34,beaucoup 1,s,61183,2048,2048,34,104,-1,extrêmement
61183,34,beaucoup 1,s,61183,2049,2049,34,105,-1,fort
61183,34,beaucoup 1,s,61183,2050,2050,34,106,-1,fortement
61183,34,beaucoup 1,s,61183,2051,2051,34,107,-1,grandement
61183,34,beaucoup 1,s,61183,2052,2052,34,108,-1,infiniment
61183,34,beaucoup 1,s,61183,2053,2053,34,109,-1,prodigieusement
61183,34,beaucoup 1,s,61183,2054,2054,34,110,-1,profondément
61184,34,beaucoup 2,s,61184,2055,2055,34,111,-1,des conglomérats
61184,34,beaucoup 2,s,61184,2056,2056,34,112,-1,des foultitudes
61184,34,beaucoup 2,s,61184,2057,2057,34,113,-1,quantité
61187,34,bien 1,s,61187,2058,2058,34,114,-1,bien
61187,34,bien 1,s,61187,2059,2059,34,115,-1,convenablement
61187,34,bien 1,s,61187,2060,2060,34,116,-1,correctement
61187,34,bien 1,s,61187,2061,2061,34,117,-1,facilement
61187,34,bien 1,s,61187,2062,2062,34,118,-1,normalement
61188,34,bizarrement 1,s,61188,2063,2063,34,119,-1,bizarrement
61188,34,bizarrement 1,s,61188,2064,2064,34,120,-1,curieusement
61188,34,bizarrement 1,s,61188,2065,2065,34,121,-1,étonnemment
61188,34,bizarrement 1,s,61188,2066,2066,34,122,-1,étrangement
61188,34,bizarrement 1,s,61188,2067,2067,34,123,-1,paradoxalement
137683,34,bonjour,s,137683,4338,4338,34,124,-1,bonjour
56200,34,cent,s,56200,2009,2009,34,125,-1,cent
61189,34,cependant 1,s,61189,2068,2068,34,126,-1,cependant
61190,34,certainement 1,s,61190,2069,2069,34,127,-1,apparemment
61190,34,certainement 1,s,61190,2070,2070,34,128,-1,certainement
61190,34,certainement 1,s,61190,2071,2071,34,129,-1,évidemment
61190,34,certainement 1,s,61190,2072,2072,34,130,-1,sans-doute
61190,34,certainement 1,s,61190,2073,2073,34,131,-1,sûrement
61190,34,certainement 1,s,61190,2074,2074,34,132,-1,vraisemblablement
56202,34,cinquante,s,56202,2010,2010,34,133,-1,cinquante
61191,34,complètement 1,s,61191,2075,2075,34,134,-1,complètement
61191,34,complètement 1,s,61191,2076,2076,34,135,-1,totalement
61191,34,complètement 1,s,61191,2077,2077,34,136,-1,tout à fait
56203,34,debout,s,56203,2011,2011,34,137,-1,debout
56204,34,deux,s,56204,2012,2012,34,138,-1,deux
56205,34,dix,s,56205,2013,2013,34,139,-1,dix
61193,34,donc 1,s,61193,2078,2078,34,140,-1,ergo
61193,34,donc 1,s,61193,2079,2079,34,141,-1,par conséquent
61194,34,en-vain 1,s,61194,2080,2080,34,142,-1,en vain
61194,34,en-vain 1,s,61194,2081,2081,34,143,-1,inutilement
61194,34,en-vain 1,s,61194,2082,2082,34,144,-1,vainement
61195,34,ensemble 1,s,61195,2083,2083,34,145,-1,ensemble
61195,34,ensemble 1,s,61195,2084,2084,34,146,-1,tous ensemble
61198,34,exactement 1,s,61198,2085,2085,34,147,-1,exactement
61198,34,exactement 1,s,61198,2086,2086,34,148,-1,précisément
61198,34,exactement 1,s,61198,2038,2038,34,149,-1,vraiment
61199,34,généralement 1,s,61199,2087,2087,34,150,-1,d'habitude
61199,34,généralement 1,s,61199,2088,2088,34,151,-1,fréquemment
61199,34,généralement 1,s,61199,2089,2089,34,152,-1,généralement
61199,34,généralement 1,s,61199,2090,2090,34,153,-1,habituellement
61199,34,généralement 1,s,61199,2091,2091,34,154,-1,le plus souvent
61200,34,hasard 1,s,61200,2092,2092,34,155,-1,fortuitement
56207,34,hier,s,56207,2014,2014,34,156,-1,hier
56208,34,huit,s,56208,2015,2015,34,157,-1,huit
56209,34,lentement,s,56209,2016,2016,34,158,-1,lentement
61201,34,lentement 1,s,61201,2093,2093,34,159,-1,attentivement
61201,34,lentement 1,s,61201,2016,2016,34,160,-1,lentement
61201,34,lentement 1,s,61201,2094,2094,34,161,-1,longuement
61201,34,lentement 1,s,61201,2095,2095,34,162,-1,patiemment
56210,34,longtemps,s,56210,2017,2017,34,163,-1,longtemps
61202,34,longuement 1,s,61202,2093,2093,34,164,-1,attentivement
61202,34,longuement 1,s,61202,2016,2016,34,165,-1,lentement
61202,34,longuement 1,s,61202,2017,2017,34,166,-1,longtemps
61202,34,longuement 1,s,61202,2094,2094,34,167,-1,longuement
61202,34,longuement 1,s,61202,2095,2095,34,168,-1,patiemment
61202,34,longuement 1,s,61202,2030,2030,34,169,-1,souvent
56211,34,maintenant,s,56211,2018,2018,34,170,-1,maintenant
123128,34,marre,s,123128,4018,4018,34,171,-1,marre
56213,34,nettement,s,56213,2019,2019,34,172,-1,nettement
61205,34,nombre 1,s,61205,2013,2013,34,173,-1,dix
61205,34,nombre 1,s,61205,2096,2096,34,174,-1,douze
61205,34,nombre 1,s,61205,2020,2020,34,175,-1,onze
61205,34,nombre 1,s,61205,2097,2097,34,176,-1,quatorze
61205,34,nombre 1,s,61205,2098,2098,34,177,-1,quinze
61205,34,nombre 1,s,61205,2026,2026,34,178,-1,seize
61205,34,nombre 1,s,61205,2099,2099,34,179,-1,sept
61205,34,nombre 1,s,61205,2100,2100,34,180,-1,six
61205,34,nombre 1,s,61205,2101,2101,34,181,-1,treize
61205,34,nombre 1,s,61205,2035,2035,34,182,-1,trois
61205,34,nombre 1,s,61205,2036,2036,34,183,-1,vingt
56215,34,onze,s,56215,2020,2020,34,184,-1,onze
56216,34,parfois,s,56216,2021,2021,34,185,-1,parfois
61207,34,parfois 2,s,61207,2102,2102,34,186,-1,de temps en temps
61207,34,parfois 2,s,61207,2103,2103,34,187,-1,par intermittences
61207,34,parfois 2,s,61207,2104,2104,34,188,-1,par intervalles
61207,34,parfois 2,s,61207,2105,2105,34,189,-1,par moments
61207,34,parfois 2,s,61207,2021,2021,34,190,-1,parfois
56217,34,partout,s,56217,2022,2022,34,191,-1,partout
56218,34,plusieurs,s,56218,2023,2023,34,192,-1,plusieurs
123136,34,pourtant,s,123136,4024,4024,34,193,-1,pourtant
128155,34,pourtant 1,s,128155,2068,2068,34,194,-1,cependant
128155,34,pourtant 1,s,128155,4103,4103,34,195,-1,malgré tout
128155,34,pourtant 1,s,128155,4104,4104,34,196,-1,tout de même
61208,34,presque 1,s,61208,2106,2106,34,197,-1,approximativement
61208,34,presque 1,s,61208,2107,2107,34,198,-1,quasiment
61208,34,presque 1,s,61208,2108,2108,34,199,-1,vaguement
61209,34,puis 1,s,61209,2109,2109,34,200,-1,ensuite
61209,34,puis 1,s,61209,2110,2110,34,201,-1,puis
56222,34,sans-fin,s,56222,2025,2025,34,202,-1,sans fin
61210,34,sans-fin 1,s,61210,2111,2111,34,203,-1,continuellement
61210,34,sans-fin 1,s,61210,2112,2112,34,204,-1,continuement
61210,34,sans-fin 1,s,61210,2113,2113,34,205,-1,indéfiniment
61210,34,sans-fin 1,s,61210,2114,2114,34,206,-1,inépuisablement
61210,34,sans-fin 1,s,61210,2115,2115,34,207,-1,intarissablement
61210,34,sans-fin 1,s,61210,2116,2116,34,208,-1,perpétuellement
61211,34,sauf 1,s,61211,2117,2117,34,209,-1,excepté
61211,34,sauf 1,s,61211,2118,2118,34,210,-1,mis à part
61211,34,sauf 1,s,61211,2119,2119,34,211,-1,sauf
56223,34,seize,s,56223,2026,2026,34,212,-1,seize
56224,34,seulement,s,56224,2027,2027,34,213,-1,seulement
56225,34,simple,s,56225,2028,2028,34,214,-1,simplement
61212,34,soin 1,s,61212,2120,2120,34,215,-1,avec attention
61212,34,soin 1,s,61212,2121,2121,34,216,-1,avec minutie
61212,34,soin 1,s,61212,2122,2122,34,217,-1,avec soin
61212,34,soin 1,s,61212,2123,2123,34,218,-1,méthodiquement
61212,34,soin 1,s,61212,2124,2124,34,219,-1,méticuleusement
61212,34,soin 1,s,61212,2125,2125,34,220,-1,minutieusement
61212,34,soin 1,s,61212,2126,2126,34,221,-1,scrupuleusement
61212,34,soin 1,s,61212,2127,2127,34,222,-1,soigneusement
130346,34,solo,s,130346,4193,4193,34,223,-1,solo
56226,34,soudain,s,56226,2029,2029,34,224,-1,soudain
61213,34,soudain 1,s,61213,2128,2128,34,225,-1,abruptement
61213,34,soudain 1,s,61213,2129,2129,34,226,-1,brusquement
61213,34,soudain 1,s,61213,2130,2130,34,227,-1,brutalement
61213,34,soudain 1,s,61213,2029,2029,34,228,-1,soudain
61213,34,soudain 1,s,61213,2131,2131,34,229,-1,soudainement
61213,34,soudain 1,s,61213,2132,2132,34,230,-1,tout à coup
61213,34,soudain 1,s,61213,2133,2133,34,231,-1,tout d'un coup
61213,34,soudain 1,s,61213,2134,2134,34,232,-1,tout de suite
56227,34,souvent,s,56227,2030,2030,34,233,-1,souvent
61214,34,souvent 1,s,61214,2135,2135,34,234,-1,communément
61214,34,souvent 1,s,61214,2087,2087,34,235,-1,d'habitude
61214,34,souvent 1,s,61214,2089,2089,34,236,-1,généralement
61214,34,souvent 1,s,61214,2136,2136,34,237,-1,la plupart du temps
61214,34,souvent 1,s,61214,2091,2091,34,238,-1,le plus souvent
61214,34,souvent 1,s,61214,4137,4137,34,239,-1,maintes fois
61215,34,spécialement 1,s,61215,2137,2137,34,240,-1,notamment
61215,34,spécialement 1,s,61215,2138,2138,34,241,-1,particulièrement
61215,34,spécialement 1,s,61215,2139,2139,34,242,-1,spécialement
61215,34,spécialement 1,s,61215,2140,2140,34,243,-1,surtout
56228,34,tard,s,56228,2031,2031,34,244,-1,tard
56229,34,tel,s,56229,2032,2032,34,245,-1,tellement
56230,34,toujours,s,56230,2033,2033,34,246,-1,toujours
61216,34,toujours 1,s,61216,2141,2141,34,247,-1,constamment
61216,34,toujours 1,s,61216,2111,2111,34,248,-1,continuellement
61216,34,toujours 1,s,61216,2142,2142,34,249,-1,éternellement
61216,34,toujours 1,s,61216,2116,2116,34,250,-1,perpétuellement
61216,34,toujours 1,s,61216,2143,2143,34,251,-1,sans arrêt
61216,34,toujours 1,s,61216,2144,2144,34,252,-1,sans cesse
61217,34,toujours 2,s,61217,2145,2145,34,253,-1,des siècles
61217,34,toujours 2,s,61217,2017,2017,34,254,-1,longtemps
61218,34,tout 1,s,61218,2146,2146,34,255,-1,entièrement
61218,34,tout 1,s,61218,2147,2147,34,256,-1,intégralement
61218,34,tout 1,s,61218,2148,2148,34,257,-1,tout
56232,34,trente,s,56232,2034,2034,34,258,-1,trente
61219,34,très 1,s,61219,2049,2049,34,259,-1,fort
61219,34,très 1,s,61219,2050,2050,34,260,-1,fortement
61219,34,très 1,s,61219,2138,2138,34,261,-1,particulièrement
61219,34,très 1,s,61219,2054,2054,34,262,-1,profondément
61219,34,très 1,s,61219,2149,2149,34,263,-1,remarquablement
56233,34,trois,s,56233,2035,2035,34,264,-1,trois
61220,34,trop 1,s,61220,2150,2150,34,265,-1,étonnamment
61220,34,trop 1,s,61220,2151,2151,34,266,-1,horriblement
61220,34,trop 1,s,61220,2032,2032,34,267,-1,tellement
61221,34,un-peu 1,s,61221,2152,2152,34,268,-1,légèrement
61221,34,un-peu 1,s,61221,2153,2153,34,269,-1,médiocrement
61221,34,un-peu 1,s,61221,2154,2154,34,270,-1,modérément
61221,34,un-peu 1,s,61221,2155,2155,34,271,-1,moyennement
61221,34,un-peu 1,s,61221,2156,2156,34,272,-1,sans exagération
61221,34,un-peu 1,s,61221,2157,2157,34,273,-1,un petit peu
61221,34,un-peu 1,s,61221,2158,2158,34,274,-1,un peu
61221,34,un-peu 1,s,61221,2159,2159,34,275,-1,un tant soit peu
56234,34,vingt,s,56234,2036,2036,34,276,-1,vingt
56235,34,vite,s,56235,2037,2037,34,277,-1,vite
61222,34,vite 1,s,61222,2160,2160,34,278,-1,à l'instant
61222,34,vite 1,s,61222,2161,2161,34,279,-1,aussitot
61222,34,vite 1,s,61222,2162,2162,34,280,-1,hâtivement
61222,34,vite 1,s,61222,2040,2040,34,281,-1,immédiatement
61222,34,vite 1,s,61222,2163,2163,34,282,-1,précipitamment
61222,34,vite 1,s,61222,2164,2164,34,283,-1,promptement
61222,34,vite 1,s,61222,2165,2165,34,284,-1,rapidement
61222,34,vite 1,s,61222,2166,2166,34,285,-1,sans tarder
61222,34,vite 1,s,61222,2131,2131,34,286,-1,soudainement
61222,34,vite 1,s,61222,2167,2167,34,287,-1,subitement
61222,34,vite 1,s,61222,2037,2037,34,288,-1,vite
61223,34,vite 2,s,61223,2163,2163,34,289,-1,précipitamment
61223,34,vite 2,s,61223,2164,2164,34,290,-1,promptement
61223,34,vite 2,s,61223,2165,2165,34,291,-1,rapidement
61223,34,vite 2,s,61223,2131,2131,34,292,-1,soudainement
61223,34,vite 2,s,61223,2167,2167,34,293,-1,subitement
61223,34,vite 2,s,61223,2037,2037,34,294,-1,vite
56236,34,vraiment,s,56236,2038,2038,34,295,-1,vraiment
61224,34,vraiment 1,s,61224,2168,2168,34,296,-1,décidément
61224,34,vraiment 1,s,61224,2169,2169,34,297,-1,effectivement
61224,34,vraiment 1,s,61224,2170,2170,34,298,-1,réellement
61224,34,vraiment 1,s,61224,2077,2077,34,299,-1,tout à fait
61224,34,vraiment 1,s,61224,2038,2038,34,300,-1,vraiment
158015,34,récemment,s,158015,4831,4831,34,1,0,récemment
61219,34,très 1,s,61219,4841,4841,34,2,0,follement
61219,34,très 1,s,61219,4842,4842,34,3,0,éperdument
61207,34,parfois 2,s,61207,4843,4843,34,4,0,épisodiquement
61207,34,parfois 2,s,61207,4844,4844,34,5,0,périodiquement
61219,34,très 1,s,61219,4846,4846,34,6,0,terriblement
61216,34,toujours 1,s,61216,4847,4847,34,7,0,depuis toujours
56224,34,seulement,s,56224,4848,4848,34,8,0,uniquement
56224,34,seulement,s,56224,4849,4849,34,9,0,exclusivement
56224,34,seulement,s,56224,4850,4850,34,10,0,purement
56224,34,seulement,s,56224,4851,4851,34,11,0,simplement
166964,34,six,s,166964,4853,4853,34,13,0,six
61214,34,souvent 1,s,61214,4854,4854,34,14,0,très souvent
61214,34,souvent 1,s,61214,4855,4855,34,15,0,trop souvent
167237,34,sept,s,167237,4856,4856,34,16,0,sept
158407,34,ponctuer,s,158407,4857,4857,34,17,0,.
167960,34,quatorze,s,167960,4884,4884,34,18,0,quatorze
168328,34,quinze,s,168328,4887,4887,34,21,0,quinze
168420,34,seulement 1,s,168420,4888,4888,34,22,0,uniquement
168420,34,seulement 1,s,168420,4889,4889,34,23,0,simplement
168420,34,seulement 1,s,168420,4890,4890,34,24,0,purement
168685,34,ainsi,s,168685,4894,4894,34,25,0,ainsi
168759,34,définitivement 1,s,168759,4895,4895,34,26,0,définitivement
168759,34,définitivement 1,s,168759,4896,4896,34,27,0,durablement
168759,34,définitivement 1,s,168759,4897,4897,34,28,0,inéluctablement
168759,34,définitivement 1,s,168759,4898,4898,34,29,0,irrévocablement
168759,34,définitivement 1,s,168759,4899,4899,34,30,0,irréversiblement
168763,34,surtout 1,s,168763,4900,4900,34,31,0,surtout
168763,34,surtout 1,s,168763,4901,4901,34,32,0,essentiellement
168763,34,surtout 1,s,168763,4902,4902,34,33,0,avant tout
168763,34,surtout 1,s,168763,4903,4903,34,34,0,principalement
168763,34,surtout 1,s,168763,4904,4904,34,35,0,généralement
168892,34,auto,s,168892,4905,4905,34,36,0,auto
169506,34,ponctuer 1,s,169506,4908,4908,34,37,0,.
169689,34,machinalement 1,s,169689,4909,4909,34,38,0,machinalement
169689,34,machinalement 1,s,169689,4910,4910,34,39,0,instinctivement
169689,34,machinalement 1,s,169689,4911,4911,34,40,0,involontairement
169689,34,machinalement 1,s,169689,4912,4912,34,41,0,mécaniquement
169745,34,nb,s,169745,4914,4914,34,42,0,1
169745,34,nb,s,169745,4915,4915,34,43,0,2
169745,34,nb,s,169745,4916,4916,34,44,0,0
169745,34,nb,s,169745,4917,4917,34,45,0,3
169745,34,nb,s,169745,4918,4918,34,46,0,4
169745,34,nb,s,169745,4919,4919,34,47,0,5
169745,34,nb,s,169745,4920,4920,34,48,0,6
169745,34,nb,s,169745,4921,4921,34,49,0,7
169745,34,nb,s,169745,4922,4922,34,50,0,8
169745,34,nb,s,169745,4923,4923,34,51,0,9
61213,34,soudain 1,s,61213,4924,4924,34,52,0,subitement
169935,34,gaiment,s,169935,4925,4925,34,53,0,gaîment
169935,34,gaiment,s,169935,4926,4926,34,54,0,joyeusement
169935,34,gaiment,s,169935,4927,4927,34,55,0,jovialement
169935,34,gaiment,s,169935,4928,4928,34,56,0,allègrement
61210,34,sans-fin 1,s,61210,4929,4929,34,57,0,incessamment
170140,34,lentement 2,s,170140,4931,4931,34,58,0,mollement
170140,34,lentement 2,s,170140,4932,4932,34,59,0,doucement
170140,34,lentement 2,s,170140,4933,4933,34,60,0,délicatement
170140,34,lentement 2,s,170140,4934,4934,34,61,0,délicieusement
170140,34,lentement 2,s,170140,4935,4935,34,62,0,paisiblement
170140,34,lentement 2,s,170140,4936,4936,34,63,0,furtivement
168763,34,surtout 1,s,168763,4937,4937,34,64,0,en grande partie
170234,34,nullement,s,170234,4941,4941,34,68,0,nullement
170234,34,nullement,s,170234,4942,4942,34,69,0,pas
170234,34,nullement,s,170234,4943,4943,34,70,0,pas du tout
61181,34,autrefois 1,s,61181,4945,4945,34,71,0,autrefois
170843,34,ponct 1,s,170843,4949,4949,34,73,0,.
170843,34,ponct 1,s,170843,4950,4950,34,74,0, ?
61180,34,aussitôt 1,s,61180,4951,4951,34,75,0,instantanément
61180,34,aussitôt 1,s,61180,4952,4952,34,76,0,sur le champ
61180,34,aussitôt 1,s,61180,4953,4953,34,77,0,tout de suite
61180,34,aussitôt 1,s,61180,4954,4954,34,78,0,à la minute même
171110,34,ailleurs 1,s,171110,4956,4956,34,79,0,ailleurs
171111,34,temps 3,s,171111,4957,4957,34,80,0,auparavant
128155,34,pourtant 1,s,128155,4959,4959,34,81,0,mais
171132,34,quand 1,s,171132,4960,4960,34,82,0,quand
171132,34,quand 1,s,171132,4961,4961,34,83,0,lorsque
61181,34,autrefois 1,s,61181,4964,4964,34,84,0,aux temps anciens
171132,34,quand 1,s,171132,4965,4965,34,85,0,dès lors que
171547,34,espaceur,s,171547,4969,4969,34,87,0,............
171547,34,espaceur,s,171547,4970,4970,34,88,0,......................................................
171547,34,espaceur,s,171547,4971,4971,34,89,0,......................................................
171547,34,espaceur,s,171547,4972,4972,34,90,0,............................................................................
172102,34,quitte,s,172102,4974,4974,34,91,0,quitte
