"id_syn","num","title","idDico"
"3144","1","à","27"
"3145","2","afin","27"
"3146","446","[0|m_ailleurs]","27"
"3147","4","ainsi","27"
"3148","5","alors","27"
"3149","6","après","27"
"3150","7","assez","27"
"3151","451","au fur et à mesure","27"
"3152","452","au gré","27"
"3153","10","au-dedans","27"
"3154","11","au-dehors","27"
"3155","12","[m_au-delà]","27"
"3156","13","au-dessous","27"
"3157","14","au-dessus","27"
"3158","15","aujourd'hui","27"
"3159","16","auparavant","27"
"3160","17","auprès","27"
"3161","18","aussi","27"
"3162","19","aussitôt","27"
"3163","20","autant","27"
"3164","21","autour","27"
"3165","22","autrement","27"
"3166","23","avec","27"
"3167","24","beaucoup","27"
"3168","25","bientôt","27"
"3169","26","ça","27"
"3170","27","car","27"
"3171","28","ce","27"
"3172","29","cela","27"
"3173","30","cependant","27"
"3174","31","chacun","27"
"3175","32","ci","27"
"3176","33","combien","27"
"3177","34","comme","27"
"3178","35","comment","27"
"3179","36","[0|m_contre]","27"
"3180","37","d’","27"
"3181","38","dans","27"
"3182","39","davantage","27"
"3183","40","de","27"
"3184","41","[m_dedans]","27"
"3185","42","[m_dehors]","27"
"3186","43","déjà","27"
"3187","44","[m_demain]","27"
"3188","45","depuis","27"
"3189","46","[0|m_derrière]","27"
"3190","47","dès","27"
"3191","48","dessous","27"
"3192","49","dessus","27"
"3193","50","[0|m_devant]","27"
"3194","51","donc","27"
"3195","52","dont","27"
"3196","53","durant","27"
"3197","54","en","27"
"3198","55","encore","27"
"3199","56","enfin","27"
"3200","57","ensuite","27"
"3201","58","[0|m_entre]","27"
"3202","59","envers","27"
"3203","60","environ","27"
"3204","61","et","27"
"3205","62","guère","27"
"3206","63","hors","27"
"3207","64","ici","27"
"3208","65","jamais","27"
"3209","66","jusqu’","27"
"3210","67","jusque","27"
"3211","68","juste","27"
"3212","69","la plupart","27"
"3213","70","là","27"
"3214","71","[0|m_loin]","27"
"3215","72","longtemps","27"
"3216","73","lors","27"
"3217","74","lorsqu'","27"
"3218","75","lorsque","27"
"3219","76","mais","27"
"3220","77","malgré","27"
"3221","78","même","27"
"3222","79","mieux","27"
"3223","80","moi","27"
"3224","81","moins","27"
"3225","517","naguère","27"
"3226","83","néanmoins","27"
"3227","84","ni","27"
"3228","85","non","27"
"3229","86","nous","27"
"3230","87","on","27"
"3231","88","or","27"
"3232","89","ou","27"
"3233","90","où","27"
"3234","91","oui","27"
"3235","92","outre","27"
"3236","93","par","27"
"3237","94","parce","27"
"3238","95","parfois","27"
"3239","96","parmi","27"
"3240","97","partout","27"
"3242","99","pendant","27"
"3243","100","personne","27"
"3244","101","peu","27"
"3245","102","peut-être","27"
"3246","103","plus","27"
"3247","104","plusieurs","27"
"3248","105","plutôt","27"
"3249","106","pour","27"
"3250","107","pourquoi","27"
"3251","108","pourtant","27"
"3252","109","près","27"
"3253","110","presque","27"
"3254","111","puisqu’","27"
"3255","112","puisque","27"
"3256","113","qu'","27"
"3258","115","quasi","27"
"3259","116","que","27"
"3260","117","quelconque","27"
"3261","118","quelqu'un","27"
"3262","119","quelque chose d'autre","27"
"3263","120","quelque","27"
"3264","121","quelquefois","27"
"3265","122","qui","27"
"3266","123","quoi","27"
"3267","124","quoique","27"
"3268","125","rien d'autre","27"
"3269","126","rien","27"
"3270","127","s'","27"
"3271","128","sans cesse","27"
"3272","129","sans","27"
"3273","130","sauf","27"
"3274","131","selon","27"
"3275","132","seulement","27"
"3276","133","si","27"
"3277","134","sinon","27"
"3278","135","sitôt","27"
"3279","136","soi","27"
"3280","137","soit","27"
"3282","139","sous","27"
"3283","140","souvent","27"
"3284","141","suivant","27"
"3285","142","sur","27"
"3286","143","surtout","27"
"3287","144","tandis","27"
"3288","145","tant pis","27"
"3289","146","tant","27"
"3290","147","tantôt","27"
"3291","148","toi","27"
"3292","149","tôt","27"
"3293","150","tout","27"
"3294","151","très","27"
"3295","152","trop","27"
"3296","153","vers","27"
"3297","154","via","27"
"3298","155","vite","27"
"3299","156","voici","27"
"3300","157","voilà","27"
"3301","158","volontiers","27"
"3302","159","vous","27"
"3303","160","vu","27"
"3304","161","y","27"
"3305","162","nul","27"
"3306","163","puis","27"
"3307","164","quel","27"
"3308","165","ô","27"
"3309","166","je","27"
"3310","167","te","27"
"3311","168","[0|m_avant]","27"
"3312","169","[0|m_bien]","27"
"3313","170","pourvu","27"
"3314","171","[s_hier]","27"
"3315","172","quant","27"
"3316","173","ceci","27"
"3317","174","vôtre","27"
"3318","175","ne","27"
"3319","176","chez","27"
"3320","177","mal","27"
"3321","178","[0|m_autrefois]","27"
"3322","179","tard","27"
"3323","180","quiconque","27"
"3325","182","désormais","27"
"3326","183","autrui","27"
"3327","184","dorénavant","27"
"3328","185","certes","27"
"3329","186","notamment","27"
"3330","187","deçà","27"
"3331","188","quoiqu'","27"
"3342","199","[010000100|v_être]","27"
"3343","200","[s_beaucoup]","27"
"3344","201","[s_certainement 1]","27"
"3345","202","[s_complètement 1]","27"
"3346","203","[s_longuement 1]","27"
"3347","204","[s_maintenant 1]","27"
"3348","205","[s_parfois 2]","27"
"3349","206","[s_puis 1]","27"
"3350","207","[s_sans-fin]","27"
"3352","209","[s_souvent]","27"
"3353","210","[s_toujours]","27"
"3354","211","[s_un-peu 1]","27"
"3355","212","[s_vraiment 1]","27"
"3356","213","[s_seulement]","27"
"3357","449","terriblement","30"
"3515","300","absolument","30"
"3517","301","cent","30"
"3518","302","cinquante","30"
"3519","303","debout","30"
"3520","304","deux","30"
"3521","305","dix","30"
"3522","306","hier","30"
"3523","307","huit","30"
"3524","308","lentement","30"
"3526","309","maintenant","30"
"3527","310","nettement","30"
"3528","311","onze","30"
"3532","312","!-","30"
"3533","313","sans fin","30"
"3534","314","seize","30"
"3540","315","tellement","30"
"3541","316","toujours","30"
"3542","317","trente","30"
"3543","318","trois","30"
"3544","319","vingt","30"
"3546","320","vraiment","30"
"3547","321","suffisamment","30"
"3548","322","immédiatement","30"
"3549","323","jadis","30"
"3550","324","avec avidité","30"
"3551","325","avec passion","30"
"3552","326","avidement","30"
"3553","327","intensément","30"
"3554","328","au plus haut point","30"
"3555","329","considérablement","30"
"3556","330","extrêmement","30"
"3557","331","fort","30"
"3558","332","fortement","30"
"3559","333","grandement","30"
"3560","334","infiniment","30"
"3561","335","prodigieusement","30"
"3562","336","profondément","30"
"3563","337","des conglomérats","30"
"3564","338","des foultitudes","30"
"3565","339","quantité","30"
"3566","340","bien","30"
"3567","341","convenablement","30"
"3568","342","correctement","30"
"3569","343","facilement","30"
"3570","344","normalement","30"
"3571","345","bizarrement","30"
"3572","346","curieusement","30"
"3574","347","étrangement","30"
"3575","348","paradoxalement","30"
"3577","349","apparemment","30"
"3578","350","certainement","30"
"3579","351","évidemment","30"
"3580","352","sans-doute","30"
"3581","353","sûrement","30"
"3582","354","vraisemblablement","30"
"3583","355","complètement","30"
"3584","356","totalement","30"
"3585","357","tout à fait","30"
"3586","358","ergo","30"
"3587","359","par conséquent","30"
"3588","360","en vain","30"
"3589","361","inutilement","30"
"3590","362","vainement","30"
"3591","363","ensemble","30"
"3592","364","tous ensemble","30"
"3593","365","exactement","30"
"3594","366","précisément","30"
"3595","367","d'habitude","30"
"3596","368","fréquemment","30"
"3598","369","habituellement","30"
"3599","370","le plus souvent","30"
"3600","371","fortuitement","30"
"3601","372","attentivement","30"
"3602","373","longuement","30"
"3603","374","patiemment","30"
"3604","375","douze","30"
"3609","376","treize","30"
"3610","377","de temps en temps","30"
"3611","378","par intermittences","30"
"3612","379","par intervalles","30"
"3613","380","par moments","30"
"3614","381","approximativement","30"
"3615","382","quasiment","30"
"3616","383","vaguement","30"
"3619","384","continuellement","30"
"3620","385","continuement","30"
"3621","386","indéfiniment","30"
"3622","387","inépuisablement","30"
"3623","388","intarissablement","30"
"3624","389","perpétuellement","30"
"3625","390","excepté","30"
"3626","391","mis à part","30"
"3628","392","avec attention","30"
"3629","393","avec minutie","30"
"3630","394","avec soin","30"
"3631","395","méthodiquement","30"
"3632","396","méticuleusement","30"
"3633","397","minutieusement","30"
"3634","398","scrupuleusement","30"
"3635","399","soigneusement","30"
"3636","400","abruptement","30"
"3637","401","brusquement","30"
"3638","402","brutalement","30"
"3639","403","soudainement","30"
"3640","404","tout à coup","30"
"3641","405","tout d'un coup","30"
"3643","406","communément","30"
"3644","407","la plupart du temps","30"
"3646","408","particulièrement","30"
"3647","409","spécialement","30"
"3649","410","constamment","30"
"3650","411","éternellement","30"
"3651","412","sans arrêt","30"
"3653","413","des siècles","30"
"3654","414","entièrement","30"
"3655","415","intégralement","30"
"3657","416","remarquablement","30"
"3658","417","étonnamment","30"
"3659","418","horriblement","30"
"3660","419","légèrement","30"
"3661","420","médiocrement","30"
"3662","421","modérément","30"
"3663","422","moyennement","30"
"3664","423","sans exagération","30"
"3665","424","un petit peu","30"
"3666","425","un peu","30"
"3667","426","un tant soit peu","30"
"3668","427","à l'instant","30"
"3670","428","hâtivement","30"
"3671","429","précipitamment","30"
"3672","430","promptement","30"
"3673","431","rapidement","30"
"3674","432","sans tarder","30"
"3676","433","décidément","30"
"3677","434","effectivement","30"
"3678","435","réellement","30"
"4213","436","marre","30"
"4216","437","malgré tout","30"
"4217","438","tout de même","30"
"4218","439","maintes fois","30"
"4219","440","solo","30"
"4220","441","également","30"
"4221","442","bonjour","30"
"4224","443","récemment","30"
"4225","444","1988","30"
"4234","445","follement","30"
"4235","3","éperdument","30"
"4236","447","épisodiquement","30"
"4237","448","périodiquement","30"
"4238","216","alentour","27"
"4239","450","depuis toujours","30"
"4240","8","uniquement","30"
"4241","9","exclusivement","30"
"4242","453","purement","30"
"4243","454","simplement","30"
"4245","455","six","30"
"4246","456","très souvent","30"
"4247","457","trop souvent","30"
"4248","458","sept","30"
"4249","459",".","30"
"4276","460","quatorze","30"
"4277","461","quatre","30"
"4278","462","quinze","30"
"4285","463","ainsi","30"
"4286","464","définitivement","30"
"4287","465","durablement","30"
"4288","466","inéluctablement","30"
"4289","467","irrévocablement","30"
"4290","468","irréversiblement","30"
"4291","31","surtout","30"
"4292","469","essentiellement","30"
"4293","470","avant tout","30"
"4294","471","principalement","30"
"4295","472","généralement","30"
"4296","473","auto","30"
"4297","474",".","30"
"4298","475","machinalement","30"
"4299","476","instinctivement","30"
"4300","477","involontairement","30"
"4301","478","mécaniquement","30"
"4302","479","1","30"
"4303","480","2","30"
"4304","481","0","30"
"4305","482","3","30"
"4306","483","4","30"
"4307","484","5","30"
"4308","485","6","30"
"4309","486","7","30"
"4310","487","8","30"
"4311","488","9","30"
"4312","489","subitement","30"
"4313","490","gaîment","30"
"4314","491","joyeusement","30"
"4315","492","jovialement","30"
"4316","493","allègrement","30"
"4317","494","incessamment","30"
"4318","217","toutefois","27"
"4319","495","mollement","30"
"4320","496","doucement","30"
"4321","497","délicatement","30"
"4322","498","délicieusement","30"
"4323","499","paisiblement","30"
"4324","500","furtivement","30"
"4325","501","en grande partie","30"
"4326","502","plus tard","30"
"4327","503","le lendemain","30"
"4328","504","[32|a_autre@m_jour 1]","30"
"4329","505","nullement","30"
"4330","506","pas","30"
"4331","507","pas du tout","30"
"4332","218","c'est-à-dire","27"
"4333","508","autrefois","30"
"4334","219","là-bas","27"
"4335","220","çà","27"
"4336","509","soudain","30"
"4337","510",".","30"
"4338","511","?","30"
"4339","512","instantanément","30"
"4340","513","sur le champ","30"
"4341","514","tout de suite","30"
"4342","515","à la minute même","30"
"4344","516","ailleurs","30"
"4347","82","quand","30"
